id,date,season,season_type,home,away,home_points,away_points,neutral,note,source,home_name,away_name,home_abbr,away_abbr
seed-1986,1986-03-30,1985,postseason,251,30,97,81,1,1986 NCAA final,seed,Texas,USC,,
hist-19861128-251-299,1986-11-28,1986,regular,251,299,100,86,1,USC Classic,hist,Texas,Long Beach State,,
hist-19861129-30-251,1986-11-29,1986,regular,30,251,69,89,,USC Classic,hist,USC,Texas,,
hist-19861201-70-251,1986-12-01,1986,regular,70,251,44,87,,,hist,Idaho,Texas,,
hist-19861205-251-87,1986-12-05,1986,regular,251,87,84,59,,Dr. Pepper Classic,hist,Texas,Notre Dame,,
hist-19861206-251-194,1986-12-06,1986,regular,251,194,99,78,,Dr. Pepper Classic,hist,Texas,Ohio State,,
hist-19861209-2433-251,1986-12-09,1986,regular,2433,251,60,85,,,hist,UL Monroe,Texas,,
hist-19861214-251-2633,1986-12-14,1986,regular,251,2633,78,85,,,hist,Texas,Tennessee,,
hist-19861220-2633-26,1986-12-20,1986,regular,2633,26,81,58,,,hist,Tennessee,UCLA,,
hist-19861227-2633-2603,1986-12-27,1986,regular,2633,2603,76,66,1,Orange Bowl Classic,hist,Tennessee,Saint Joseph's,,
hist-19861228-2633-30,1986-12-28,1986,regular,2633,30,89,75,1,Orange Bowl Classic,hist,Tennessee,USC,,
hist-19861229-2633-251,1986-12-29,1986,regular,2633,251,74,88,1,Orange Bowl Classic,hist,Tennessee,Texas,,
hist-19870103-251-242,1987-01-03,1986,regular,251,242,85,53,,,hist,Texas,Rice,,
hist-19870106-8-251,1987-01-06,1986,regular,8,251,56,59,,,hist,Arkansas,Texas,,
hist-19870110-239-251,1987-01-10,1986,regular,239,251,58,88,,,hist,Baylor,Texas,,
hist-19870114-245-251,1987-01-14,1986,regular,245,251,60,94,,,hist,Texas A&M,Texas,,
hist-19870117-251-2567,1987-01-17,1986,regular,251,2567,93,57,,,hist,Texas,SMU,,
hist-19870119-2628-251,1987-01-19,1986,regular,2628,251,67,99,,,hist,TCU,Texas,,
hist-19870121-251-98,1987-01-21,1986,regular,251,98,63,41,,,hist,Texas,Western Kentucky,,
hist-19870124-251-2641,1987-01-24,1986,regular,251,2641,74,52,,,hist,Texas,Texas Tech,,
hist-19870128-248-251,1987-01-28,1986,regular,248,251,73,79,,,hist,Houston,Texas,,
hist-19870131-242-251,1987-01-31,1986,regular,242,251,63,96,,,hist,Rice,Texas,,
hist-19870203-251-8,1987-02-03,1986,regular,251,8,91,65,,,hist,Texas,Arkansas,,
hist-19870207-251-239,1987-02-07,1986,regular,251,239,92,41,,,hist,Texas,Baylor,,
hist-19870210-251-245,1987-02-10,1986,regular,251,245,96,50,,,hist,Texas,Texas A&M,,
hist-19870214-2567-251,1987-02-14,1986,regular,2567,251,57,93,,,hist,SMU,Texas,,
hist-19870217-251-2628,1987-02-17,1986,regular,251,2628,110,65,,,hist,Texas,TCU,,
hist-19870224-2641-251,1987-02-24,1986,regular,2641,251,52,74,,,hist,Texas Tech,Texas,,
hist-19870301-251-248,1987-03-01,1986,regular,251,248,60,55,,,hist,Texas,Houston,,
hist-19870305-251-2641,1987-03-05,1986,regular,251,2641,73,49,1,SWC Tournament - Semifinal,hist,Texas,Texas Tech,,
hist-19870307-251-8,1987-03-07,1986,regular,251,8,72,70,1,SWC Tournament - Final,hist,Texas,Arkansas,,
hist-19870315-251-2603,1987-03-15,1986,postseason,251,2603,86,56,,NCAA Tournament - Second Round,hist,Texas,Saint Joseph's,,
hist-19870319-251-256,1987-03-19,1986,postseason,251,256,91,57,1,NCAA Tournament - Regional Semifinal,hist,Texas,James Madison,,
hist-19870321-251-164,1987-03-21,1986,postseason,251,164,85,77,1,NCAA Tournament - Regional Final,hist,Texas,Rutgers,,
hist-19870327-251-2348,1987-03-27,1986,postseason,251,2348,75,79,1,NCAA Tournament - National Semifinal,hist,Texas,Louisiana Tech,,
hist-19870329-2348-2633,1987-03-29,1986,postseason,2348,2633,44,67,1,NCAA Tournament - Championship,hist,Louisiana Tech,Tennessee,,
hist-19871127-2633-84,1987-11-27,1987,regular,2633,84,91,52,1,Communiplex Classic (Cincinnati,hist,Tennessee,Indiana,,
hist-19871128-2633-295,1987-11-28,1987,regular,2633,295,83,52,1,Communiplex Classic (Cincinnati,hist,Tennessee,Old Dominion,,
hist-19871203-2633-56,1987-12-03,1987,regular,2633,56,102,59,,,hist,Tennessee,Stetson,,
hist-19871209-2633-251,1987-12-09,1987,regular,2633,251,78,97,,,hist,Tennessee,Texas,,
hist-19871218-251-299,1987-12-18,1987,regular,251,299,99,85,,,hist,Texas,Long Beach State,,
hist-19871228-251-356,1987-12-28,1987,regular,251,356,90,75,1,Orange Bowl/Burger King Classic (Miami,hist,Texas,Illinois,,
hist-19871229-251-164,1987-12-29,1987,regular,251,164,86,75,1,Orange Bowl/Burger King Classic (Miami,hist,Texas,Rutgers,,
hist-19871230-251-2294,1987-12-30,1987,regular,251,2294,65,75,1,Orange Bowl/Burger King Classic (Miami,hist,Texas,Iowa,,
hist-19880108-275-2294,1988-01-08,1987,regular,275,2294,59,79,,,hist,Wisconsin,Iowa,,
hist-19880110-2294-77,1988-01-10,1987,regular,2294,77,81,43,,,hist,Iowa,Northwestern,,
hist-19880115-135-2294,1988-01-15,1987,regular,135,2294,41,84,,,hist,Minnesota,Iowa,,
hist-19880122-356-2294,1988-01-22,1987,regular,356,2294,63,90,,,hist,Illinois,Iowa,,
hist-19880124-2509-2294,1988-01-24,1987,regular,2509,2294,57,67,,,hist,Purdue,Iowa,,
hist-19880129-2294-84,1988-01-29,1987,regular,2294,84,72,48,,,hist,Iowa,Indiana,,
hist-19880131-2294-194,1988-01-31,1987,regular,2294,194,75,64,,,hist,Iowa,Ohio State,,
hist-19880202-127-2294,1988-02-02,1987,regular,127,2294,52,77,,,hist,Michigan State,Iowa,,
hist-19880205-130-2294,1988-02-05,1987,regular,130,2294,54,89,,,hist,Michigan,Iowa,,
hist-19880212-2294-135,1988-02-12,1987,regular,2294,135,100,51,,,hist,Iowa,Minnesota,,
hist-19880216-2294-2181,1988-02-16,1987,regular,2294,2181,74,38,,,hist,Iowa,Drake,,
hist-19880219-2294-2509,1988-02-19,1987,regular,2294,2509,66,52,,,hist,Iowa,Purdue,,
hist-19880221-2294-356,1988-02-21,1987,regular,2294,356,87,36,,,hist,Iowa,Illinois,,
hist-19880226-194-2294,1988-02-26,1987,regular,194,2294,58,54,,,hist,Ohio State,Iowa,,
hist-19880228-194-135,1988-02-28,1987,regular,194,135,88,48,,,hist,Ohio State,Minnesota,,
hist-19880304-356-194,1988-03-04,1987,regular,356,194,62,78,,,hist,Illinois,Ohio State,,
hist-19880306-2509-194,1988-03-06,1987,regular,2509,194,59,70,,,hist,Purdue,Ohio State,,
hist-19880310-84-194,1988-03-10,1987,regular,84,194,49,68,,,hist,Indiana,Ohio State,,
hist-19880320-194-183,1988-03-20,1987,postseason,194,183,116,75,,NCAA Tournament - Second Round,hist,Ohio State,Syracuse,,
hist-19880324-194-120,1988-03-24,1987,postseason,194,120,66,81,1,NCAA Tournament - Mideast Regional Semifinal,hist,Ohio State,Maryland,,
hist-19880326-120-2,1988-03-26,1987,postseason,120,2,74,103,1,NCAA Tournament - Mideast Regional Final,hist,Maryland,Auburn,,
hist-19880401-2-299,1988-04-01,1987,postseason,2,299,68,55,1,NCAA Tournament - National Semifinal,hist,Auburn,Long Beach State,,
hist-19880403-2-2348,1988-04-03,1987,postseason,2,2348,54,56,1,NCAA Tournament - Championship,hist,Auburn,Louisiana Tech,,
hist-19881125-62-2348,1988-11-25,1988,regular,62,2348,52,71,,Hawaii Wahine Classic - first round,hist,Hawai'i,Louisiana Tech,,
hist-19881126-2348-2294,1988-11-26,1988,regular,2348,2294,62,58,1,Hawaii Wahine Classic - semifinal,hist,Louisiana Tech,Iowa,,
hist-19881127-2348-2633,1988-11-27,1988,regular,2348,2633,74,76,1,Hawaii Wahine Classic - final (OT,hist,Louisiana Tech,Tennessee,,
hist-19881217-2633-24,1988-12-17,1988,regular,2633,24,83,60,,,hist,Tennessee,Stanford,,
hist-19890104-295-2633,1989-01-04,1988,regular,295,2633,58,93,,,hist,Old Dominion,Tennessee,,
hist-19890106-2-2633,1989-01-06,1988,regular,2,2633,67,59,,,hist,Auburn,Tennessee,,
hist-19890111-2-344,1989-01-11,1988,regular,2,344,77,35,,,hist,Auburn,Mississippi State,,
hist-19890114-99-2,1989-01-14,1988,regular,99,2,43,57,,,hist,LSU,Auburn,,
hist-19890128-57-2,1989-01-28,1988,regular,57,2,58,87,,,hist,Florida,Auburn,,
hist-19890222-2-333,1989-02-22,1988,regular,2,333,89,44,,,hist,Auburn,Alabama,,
hist-19890225-96-2,1989-02-25,1988,regular,96,2,70,89,,,hist,Kentucky,Auburn,,
hist-19890228-61-2,1989-02-28,1988,regular,61,2,76,86,,,hist,Georgia,Auburn,,
hist-19890304-2-57,1989-03-04,1988,regular,2,57,72,61,1,SEC Tournament - Quarterfinal,hist,Auburn,Florida,,
hist-19890305-2-99,1989-03-05,1988,regular,2,99,75,65,1,SEC Tournament - Semifinal,hist,Auburn,LSU,,
hist-19890306-2-2633,1989-03-06,1988,regular,2,2633,51,66,1,SEC Tournament - Championship,hist,Auburn,Tennessee,,
hist-19890318-2633-2325,1989-03-18,1988,postseason,2633,2325,91,61,,NCAA Tournament - Second Round,hist,Tennessee,La Salle,,
hist-19890323-2633-258,1989-03-23,1988,postseason,2633,258,80,47,1,NCAA Tournament - Sweet Sixteen,hist,Tennessee,Virginia,,
hist-19890325-2633-299,1989-03-25,1988,postseason,2633,299,94,80,1,NCAA Tournament - Elite Eight,hist,Tennessee,Long Beach State,,
hist-19890331-2633-120,1989-03-31,1988,postseason,2633,120,77,65,1,NCAA Tournament - Final Four (semifinal,hist,Tennessee,Maryland,,
hist-19890402-2633-2,1989-04-02,1988,postseason,2633,2,76,60,1,NCAA Tournament - National Championship,hist,Tennessee,Auburn,,
hist-19891126-2633-56,1989-11-26,1989,regular,2633,56,112,39,,,hist,Tennessee,Stetson,,
hist-19891128-2633-259,1989-11-28,1989,regular,2633,259,81,55,,,hist,Tennessee,Virginia Tech,,
hist-19891201-2711-2633,1989-12-01,1989,regular,2711,2633,57,98,,,hist,Western Michigan,Tennessee,,
hist-19891203-87-2633,1989-12-03,1989,regular,87,2633,54,77,,,hist,Notre Dame,Tennessee,,
hist-19891206-120-2633,1989-12-06,1989,regular,120,2633,69,77,,,hist,Maryland,Tennessee,,
hist-19891209-2633-2348,1989-12-09,1989,regular,2633,2348,58,59,,,hist,Tennessee,Louisiana Tech,,
hist-19900106-2348-2306,1990-01-06,1989,regular,2348,2306,100,54,,,hist,Louisiana Tech,Kansas State,,
hist-19900114-295-2348,1990-01-14,1989,regular,295,2348,65,79,,,hist,Old Dominion,Louisiana Tech,,
hist-19900118-2348-292,1990-01-18,1989,regular,2348,292,98,35,,,hist,Louisiana Tech,UT Rio Grande Valley,,
hist-19900120-2348-2320,1990-01-20,1989,regular,2348,2320,85,55,,,hist,Louisiana Tech,Lamar,,
hist-19900123-2617-2348,1990-01-23,1989,regular,2617,2348,56,69,,,hist,Stephen F. Austin,Louisiana Tech,,
hist-19900129-333-2348,1990-01-29,1989,regular,333,2348,49,66,,,hist,Alabama,Louisiana Tech,,
hist-19900208-292-2348,1990-02-08,1989,regular,292,2348,48,90,,,hist,UT Rio Grande Valley,Louisiana Tech,,
hist-19900210-2320-2348,1990-02-10,1989,regular,2320,2348,42,81,,,hist,Lamar,Louisiana Tech,,
hist-19900220-2348-2443,1990-02-20,1989,regular,2348,2443,98,60,,,hist,Louisiana Tech,New Orleans,,
hist-19900222-2348-309,1990-02-22,1989,regular,2348,309,101,52,,,hist,Louisiana Tech,Louisiana,,
hist-19900224-56-2348,1990-02-24,1989,regular,56,2348,46,88,,,hist,Stetson,Louisiana Tech,,
hist-19900226-2116-2348,1990-02-26,1989,regular,2116,2348,57,121,,,hist,UCF,Louisiana Tech,,
hist-19900309-2348-309,1990-03-09,1989,regular,2348,309,124,51,,American South Conference Tournament,hist,Louisiana Tech,Louisiana,,
hist-19900310-2348-2320,1990-03-10,1989,regular,2348,2320,79,58,,American South Conference Tournament - Final,hist,Louisiana Tech,Lamar,,
hist-19900317-2348-2572,1990-03-17,1989,postseason,2348,2572,89,70,,NCAA Tournament - Second Round,hist,Louisiana Tech,Southern Miss,,
hist-19900322-2348-2509,1990-03-22,1989,postseason,2348,2509,91,47,1,NCAA Tournament - Midwest Regional Semifinal,hist,Louisiana Tech,Purdue,,
hist-19900324-251-2348,1990-03-24,1989,postseason,251,2348,57,71,,NCAA Tournament - Midwest Regional Final,hist,Texas,Louisiana Tech,,
hist-19900330-2348-2,1990-03-30,1989,postseason,2348,2,69,81,1,NCAA Tournament - National Semifinal,hist,Louisiana Tech,Auburn,,
hist-19900401-2-24,1990-04-01,1989,postseason,2,24,81,88,1,NCAA Tournament - National Championship,hist,Auburn,Stanford,,
hist-19901124-2633-24,1990-11-24,1990,regular,2633,24,95,80,,,hist,Tennessee,Stanford,,
hist-19901201-152-2633,1990-12-01,1990,regular,152,2633,90,77,,,hist,NC State,Tennessee,,
hist-19901205-152-2448,1990-12-05,1990,regular,152,2448,84,67,,,hist,NC State,North Carolina A&T,,
hist-19901208-2717-152,1990-12-08,1990,regular,2717,152,65,137,,,hist,Western Carolina,NC State,,
hist-19901228-152-2115,1990-12-28,1990,regular,152,2115,110,74,1,Wildcat-Havoline Holiday tournament (at Villanova,hist,NC State,Central Connecticut,,
hist-19901229-222-152,1990-12-29,1990,regular,222,152,60,87,,Wildcat-Havoline Holiday tournament,hist,Villanova,NC State,,
hist-19901231-152-107,1990-12-31,1990,regular,152,107,97,81,,,hist,NC State,Holy Cross,,
hist-19910102-228-152,1991-01-02,1990,regular,228,152,82,73,,,hist,Clemson,NC State,,
hist-19910105-228-252,1991-01-05,1990,regular,228,252,81,59,,"Civic Center of Anderson, Anderson, SC",hist,Clemson,BYU,,
hist-19910109-228-258,1991-01-09,1990,regular,228,258,75,81,,,hist,Clemson,Virginia,,
hist-19910112-152-258,1991-01-12,1990,regular,152,258,120,123,,3OT,hist,NC State,Virginia,,
hist-19910116-258-120,1991-01-16,1990,regular,258,120,76,59,,,hist,Virginia,Maryland,,
hist-19910119-59-258,1991-01-19,1990,regular,59,258,72,98,,,hist,Georgia Tech,Virginia,,
hist-19910124-154-258,1991-01-24,1990,regular,154,258,70,87,,,hist,Wake Forest,Virginia,,
hist-19910126-258-2599,1991-01-26,1990,regular,258,2599,90,51,,,hist,Virginia,St. John's,,
hist-19910129-153-258,1991-01-29,1990,regular,153,258,67,92,,,hist,North Carolina,Virginia,,
hist-19910202-258-59,1991-02-02,1990,regular,258,59,98,94,,,hist,Virginia,Georgia Tech,,
hist-19910206-258-153,1991-02-06,1990,regular,258,153,97,60,,,hist,Virginia,North Carolina,,
hist-19910209-258-150,1991-02-09,1990,regular,258,150,86,61,,,hist,Virginia,Duke,,
hist-19910214-258-154,1991-02-14,1990,regular,258,154,98,66,,,hist,Virginia,Wake Forest,,
hist-19910216-258-228,1991-02-16,1990,regular,258,228,89,62,,,hist,Virginia,Clemson,,
hist-19910220-120-258,1991-02-20,1990,regular,120,258,74,111,,,hist,Maryland,Virginia,,
hist-19910223-258-152,1991-02-23,1990,regular,258,152,95,78,,,hist,Virginia,NC State,,
hist-19910302-258-153,1991-03-02,1990,regular,258,153,90,69,1,ACC Tournament - Quarterfinal,hist,Virginia,North Carolina,,
hist-19910303-258-228,1991-03-03,1990,regular,258,228,62,65,1,ACC Tournament - Semifinal,hist,Virginia,Clemson,,
hist-19910304-228-152,1991-03-04,1990,regular,228,152,61,84,1,ACC Tournament - Final,hist,Clemson,NC State,,
hist-19910316-152-45,1991-03-16,1990,postseason,152,45,94,83,,NCAA Tournament - Second Round,hist,NC State,George Washington,,
hist-19910321-152-41,1991-03-21,1990,postseason,152,41,71,82,1,NCAA Tournament - Regional Semifinal,hist,NC State,UConn,,
hist-19910323-41-228,1991-03-23,1990,postseason,41,228,60,57,1,NCAA Tournament - Regional Final,hist,UConn,Clemson,,
hist-19910330-41-258,1991-03-30,1990,postseason,41,258,55,61,1,NCAA Tournament - National Semifinal,hist,UConn,Virginia,,
hist-19910331-258-2633,1991-03-31,1990,postseason,258,2633,67,70,1,NCAA Tournament - Championship (OT,hist,Virginia,Tennessee,,
hist-19911122-2633-2348,1991-11-22,1991,regular,2633,2348,90,70,,,hist,Tennessee,Louisiana Tech,,
hist-19911124-2633-311,1991-11-24,1991,regular,2633,311,86,71,,,hist,Tennessee,Maine,,
hist-19911202-2429-2633,1991-12-02,1991,regular,2429,2633,56,79,,,hist,Charlotte,Tennessee,,
hist-19911214-24-2633,1991-12-14,1991,regular,24,2633,96,95,,OT,hist,Stanford,Tennessee,,
hist-19911219-24-198,1991-12-19,1991,regular,24,198,112,74,,Cardinal Classic,hist,Stanford,Oral Roberts,,
hist-19911220-24-79,1991-12-20,1991,regular,24,79,82,63,,Cardinal Classic (final,hist,Stanford,Southern Illinois,,
hist-19911228-24-301,1991-12-28,1991,regular,24,301,103,68,,,hist,Stanford,San Diego,,
hist-19920103-24-2541,1992-01-03,1991,regular,24,2541,86,71,,,hist,Stanford,Santa Clara,,
hist-19920110-25-24,1992-01-10,1991,regular,25,24,74,65,,,hist,California,Stanford,,
hist-19920116-25-26,1992-01-16,1991,regular,25,26,74,71,,,hist,California,UCLA,,
hist-19920118-25-30,1992-01-18,1991,regular,25,30,77,70,,,hist,California,USC,,
hist-19920123-264-25,1992-01-23,1991,regular,264,25,66,67,,OT,hist,Washington,California,,
hist-19920125-265-25,1992-01-25,1991,regular,265,25,83,76,,,hist,Washington State,California,,
hist-19920131-30-265,1992-01-31,1991,regular,30,265,71,65,,OT,hist,USC,Washington State,,
hist-19920202-30-264,1992-02-02,1991,regular,30,264,74,67,,,hist,USC,Washington,,
hist-19920206-12-30,1992-02-06,1991,regular,12,30,60,80,,,hist,Arizona,USC,,
hist-19920208-9-30,1992-02-08,1991,regular,9,30,63,62,,,hist,Arizona State,USC,,
hist-19920214-12-9,1992-02-14,1991,regular,12,9,82,84,,"single rivalry game, weekend of Feb 13-16",hist,Arizona,Arizona State,,
hist-19920227-9-24,1992-02-27,1991,regular,9,24,77,65,,,hist,Arizona State,Stanford,,
hist-19920229-9-25,1992-02-29,1991,regular,9,25,63,52,,,hist,Arizona State,California,,
hist-19920306-30-9,1992-03-06,1991,regular,30,9,98,65,,,hist,USC,Arizona State,,
hist-19920308-30-12,1992-03-08,1991,regular,30,12,71,68,,,hist,USC,Arizona,,
hist-19920312-2483-30,1992-03-12,1991,regular,2483,30,76,81,,,hist,Oregon,USC,,
hist-19920314-204-30,1992-03-14,1991,regular,204,30,66,78,,,hist,Oregon State,USC,,
hist-19920322-30-149,1992-03-22,1991,postseason,30,149,71,59,,NCAA Tournament - Second Round,hist,USC,Montana,,
hist-19920326-30-2617,1992-03-26,1991,postseason,30,2617,61,57,1,NCAA Tournament - West Regional semifinal (Seattle,hist,USC,Stephen F. Austin,,
hist-19920328-30-24,1992-03-28,1991,postseason,30,24,62,82,1,NCAA Tournament - West Regional final (Seattle,hist,USC,Stanford,,
hist-19920404-24-258,1992-04-04,1991,postseason,24,258,66,65,1,NCAA Tournament - National Semifinal (Los Angeles,hist,Stanford,Virginia,,
hist-19920405-24-98,1992-04-05,1991,postseason,24,98,78,62,1,NCAA Tournament - National Championship (Los Angeles,hist,Stanford,Western Kentucky,,
hist-19921201-24-2641,1992-12-01,1992,regular,24,2641,75,67,,,hist,Stanford,Texas Tech,,
hist-19921204-24-2287,1992-12-04,1992,regular,24,2287,72,56,1,Wahine Classic (Honolulu,hist,Stanford,Illinois State,,
hist-19921205-62-24,1992-12-05,1992,regular,62,24,56,85,,Wahine Classic (Honolulu,hist,Hawai'i,Stanford,,
hist-19921206-24-2633,1992-12-06,1992,regular,24,2633,73,74,1,Wahine Classic final (Honolulu) (OT,hist,Stanford,Tennessee,,
hist-19921209-2633-2429,1992-12-09,1992,regular,2633,2429,89,45,,,hist,Tennessee,Charlotte,,
hist-19921218-2348-2633,1992-12-18,1992,regular,2348,2633,76,83,,,hist,Louisiana Tech,Tennessee,,
hist-19921221-2633-24,1992-12-21,1992,regular,2633,24,84,79,,,hist,Tennessee,Stanford,,
hist-19921229-2633-45,1992-12-29,1992,regular,2633,45,73,53,1,Maryland Invitational (College Park,hist,Tennessee,George Washington,,
hist-19921230-120-2633,1992-12-30,1992,regular,120,2633,77,72,,Maryland Invitational final,hist,Maryland,Tennessee,,
hist-19930102-120-2509,1993-01-02,1992,regular,120,2509,73,69,1,"ACC/Big Ten Challenge (Columbus, OH",hist,Maryland,Purdue,,
hist-19930106-228-120,1993-01-06,1992,regular,228,120,60,64,,,hist,Clemson,Maryland,,
hist-19930112-52-120,1993-01-12,1992,regular,52,120,68,61,,,hist,Florida State,Maryland,,
hist-19930116-154-52,1993-01-16,1992,regular,154,52,57,53,,,hist,Wake Forest,Florida State,,
hist-19930118-154-228,1993-01-18,1992,regular,154,228,51,71,,,hist,Wake Forest,Clemson,,
hist-19930124-152-228,1993-01-24,1992,regular,152,228,79,71,,,hist,NC State,Clemson,,
hist-19930127-153-152,1993-01-27,1992,regular,153,152,71,47,,,hist,North Carolina,NC State,,
hist-19930131-153-59,1993-01-31,1992,regular,153,59,72,68,,OT,hist,North Carolina,Georgia Tech,,
hist-19930203-153-258,1993-02-03,1992,regular,153,258,72,65,,,hist,North Carolina,Virginia,,
hist-19930206-154-153,1993-02-06,1992,regular,154,153,69,77,,,hist,Wake Forest,North Carolina,,
hist-19930209-258-153,1993-02-09,1992,regular,258,153,73,67,,,hist,Virginia,North Carolina,,
hist-19930213-150-258,1993-02-13,1992,regular,150,258,61,97,,,hist,Duke,Virginia,,
hist-19930217-258-154,1993-02-17,1992,regular,258,154,87,67,,,hist,Virginia,Wake Forest,,
hist-19930223-258-120,1993-02-23,1992,regular,258,120,87,73,,,hist,Virginia,Maryland,,
hist-19930227-152-258,1993-02-27,1992,regular,152,258,75,76,,,hist,NC State,Virginia,,
hist-19930306-258-154,1993-03-06,1992,regular,258,154,74,46,1,"ACC Tournament - Quarterfinal (Rock Hill, SC",hist,Virginia,Wake Forest,,
hist-19930307-258-228,1993-03-07,1992,regular,258,228,79,71,1,"ACC Tournament - Semifinal (Rock Hill, SC",hist,Virginia,Clemson,,
hist-19930308-258-120,1993-03-08,1992,regular,258,120,106,103,1,"ACC Tournament - Final (Rock Hill, SC) (3OT",hist,Virginia,Maryland,,
hist-19930319-258-57,1993-03-19,1992,postseason,258,57,69,55,,NCAA Tournament - Second Round,hist,Virginia,Florida,,
hist-19930325-258-46,1993-03-25,1992,postseason,258,46,77,57,1,NCAA Tournament - East Regional semifinal (Richmond,hist,Virginia,Georgetown,,
hist-19930327-258-194,1993-03-27,1992,postseason,258,194,73,75,1,NCAA Tournament - East Regional final (Richmond,hist,Virginia,Ohio State,,
hist-19930403-194-2294,1993-04-03,1992,postseason,194,2294,73,72,1,NCAA Tournament - National Semifinal (Atlanta) (OT,hist,Ohio State,Iowa,,
hist-19930404-194-2641,1993-04-04,1992,postseason,194,2641,82,84,1,NCAA Tournament - National Championship (Atlanta,hist,Ohio State,Texas Tech,,
hist-19931120-2641-238,1993-11-20,1993,regular,2641,238,74,67,1,"Hall of Fame Classic (Jackson, TN",hist,Texas Tech,Vanderbilt,,
hist-19931127-2641-24,1993-11-27,1993,regular,2641,24,72,68,,,hist,Texas Tech,Stanford,,
hist-19931204-2641-2016,1993-12-04,1993,regular,2641,2016,97,69,,Lady Raider Classic (Lubbock,hist,Texas Tech,Alcorn State,,
hist-19931205-2641-2229,1993-12-05,1993,regular,2641,2229,89,59,,Lady Raider Classic (Lubbock) - final,hist,Texas Tech,Florida International,,
hist-19931207-2641-2638,1993-12-07,1993,regular,2641,2638,73,43,,,hist,Texas Tech,UTEP,,
hist-19931218-2641-135,1993-12-18,1993,regular,2641,135,82,92,1,"Pizza Hut Shocker Shootout (Wichita, KS",hist,Texas Tech,Minnesota,,
hist-19931219-2724-135,1993-12-19,1993,regular,2724,135,75,70,,"Pizza Hut Shocker Shootout (Wichita, KS",hist,Wichita State,Minnesota,,
hist-19931228-66-2724,1993-12-28,1993,regular,66,2724,44,62,,,hist,Iowa State,Wichita State,,
hist-19940104-2724-2623,1994-01-04,1993,regular,2724,2623,69,74,,MVC,hist,Wichita State,Missouri State,,
hist-19940106-2623-71,1994-01-06,1993,regular,2623,71,92,53,,MVC,hist,Missouri State,Bradley,,
hist-19940109-2460-2623,1994-01-09,1993,regular,2460,2623,46,80,,MVC,hist,Northern Iowa,Missouri State,,
hist-19940115-2623-2287,1994-01-15,1993,regular,2623,2287,70,44,,MVC,hist,Missouri State,Illinois State,,
hist-19940121-2181-2623,1994-01-21,1993,regular,2181,2623,66,79,,MVC,hist,Drake,Missouri State,,
hist-19940123-156-2623,1994-01-23,1993,regular,156,2623,69,56,,MVC,hist,Creighton,Missouri State,,
hist-19940202-156-197,1994-02-02,1993,regular,156,197,54,57,,,hist,Creighton,Oklahoma State,,
hist-19940204-66-197,1994-02-04,1993,regular,66,197,61,55,,Big Eight,hist,Iowa State,Oklahoma State,,
hist-19940206-66-201,1994-02-06,1993,regular,66,201,45,65,,Big Eight,hist,Iowa State,Oklahoma,,
hist-19940210-201-198,1994-02-10,1993,regular,201,198,99,48,,,hist,Oklahoma,Oral Roberts,,
hist-19940213-197-201,1994-02-13,1993,regular,197,201,77,68,,Big Eight,hist,Oklahoma State,Oklahoma,,
hist-19940218-197-2305,1994-02-18,1993,regular,197,2305,60,58,,Big Eight,hist,Oklahoma State,Kansas,,
hist-19940220-197-2306,1994-02-20,1993,regular,197,2306,55,43,,Big Eight,hist,Oklahoma State,Kansas State,,
hist-19940225-38-197,1994-02-25,1993,regular,38,197,69,59,,Big Eight,hist,Colorado,Oklahoma State,,
hist-19940227-38-201,1994-02-27,1993,regular,38,201,89,79,,Big Eight,hist,Colorado,Oklahoma,,
hist-19940305-38-66,1994-03-05,1993,regular,38,66,66,55,1,"Big Eight Tournament (Salina, KS) - quarterfinal",hist,Colorado,Iowa State,,
hist-19940306-38-158,1994-03-06,1993,regular,38,158,77,67,1,"Big Eight Tournament (Salina, KS) - semifinal",hist,Colorado,Nebraska,,
hist-19940307-38-142,1994-03-07,1993,regular,38,142,71,79,1,"Big Eight Tournament (Salina, KS) - final",hist,Colorado,Missouri,,
hist-19940316-2641-142,1994-03-16,1993,postseason,2641,142,75,61,,NCAA Tournament - First Round (Lubbock,hist,Texas Tech,Missouri,,
hist-19940319-2641-156,1994-03-19,1993,postseason,2641,156,75,64,,NCAA Tournament - Second Round (Lubbock,hist,Texas Tech,Creighton,,
hist-19940324-2641-333,1994-03-24,1993,postseason,2641,333,68,73,1,"NCAA Tournament - Midwest Regional semifinal (Austin, TX",hist,Texas Tech,Alabama,,
hist-19940326-333-213,1994-03-26,1993,postseason,333,213,96,82,1,"NCAA Tournament - Midwest Regional final (Austin, TX",hist,Alabama,Penn State,,
hist-19940402-333-2348,1994-04-02,1993,postseason,333,2348,66,69,1,"NCAA Tournament - National semifinal (Richmond, VA",hist,Alabama,Louisiana Tech,,
hist-19940403-2348-153,1994-04-03,1993,postseason,2348,153,59,60,1,"NCAA Tournament - National championship (Richmond, VA",hist,Louisiana Tech,North Carolina,,
hist-19941125-153-2635,1994-11-25,1994,regular,153,2635,79,52,1,Rainbow Wahine Classic (Honolulu,hist,North Carolina,Tennessee Tech,,
hist-19941126-62-153,1994-11-26,1994,regular,62,153,51,83,,Rainbow Wahine Classic (Honolulu,hist,Hawai'i,North Carolina,,
hist-19941127-153-57,1994-11-27,1994,regular,153,57,79,72,1,Rainbow Wahine Classic (Honolulu,hist,North Carolina,Florida,,
hist-19941203-153-2523,1994-12-03,1994,regular,153,2523,87,50,,,hist,North Carolina,Robert Morris,,
hist-19941204-153-2448,1994-12-04,1994,regular,153,2448,113,58,,,hist,North Carolina,North Carolina A&T,,
hist-19941207-153-2352,1994-12-07,1994,regular,153,2352,102,38,,,hist,North Carolina,Loyola Maryland,,
hist-19941210-153-151,1994-12-10,1994,regular,153,151,92,36,,,hist,North Carolina,East Carolina,,
hist-19941219-153-2413,1994-12-19,1994,regular,153,2413,92,43,1,Carolinas Holiday Beach Classic (Myrtle Beach,hist,North Carolina,Morehead State,,
hist-19941220-153-232,1994-12-20,1994,regular,153,232,81,36,1,Carolinas Holiday Beach Classic (Myrtle Beach,hist,North Carolina,Charleston,,
hist-19941221-153-2193,1994-12-21,1994,regular,153,2193,106,72,1,Carolinas Holiday Beach Classic (Myrtle Beach,hist,North Carolina,East Tennessee State,,
hist-19941229-153-227,1994-12-29,1994,regular,153,227,80,68,1,Diamond Club Classic (Blacksburg,hist,North Carolina,Rhode Island,,
hist-19941230-259-153,1994-12-30,1994,regular,259,153,52,57,,Diamond Club Classic (Blacksburg,hist,Virginia Tech,North Carolina,,
hist-19950104-52-153,1995-01-04,1994,regular,52,153,52,77,,,hist,Florida State,North Carolina,,
hist-19950107-153-59,1995-01-07,1994,regular,153,59,74,62,,,hist,North Carolina,Georgia Tech,,
hist-19950109-153-154,1995-01-09,1994,regular,153,154,82,67,,,hist,North Carolina,Wake Forest,,
hist-19950114-228-153,1995-01-14,1994,regular,228,153,73,77,,,hist,Clemson,North Carolina,,
hist-19950118-153-152,1995-01-18,1994,regular,153,152,71,62,,,hist,North Carolina,NC State,,
hist-19950122-153-120,1995-01-22,1994,regular,153,120,88,67,,,hist,North Carolina,Maryland,,
hist-19950125-150-153,1995-01-25,1994,regular,150,153,74,72,,,hist,Duke,North Carolina,,
hist-19950128-52-150,1995-01-28,1994,regular,52,150,71,75,,,hist,Florida State,Duke,,
hist-19950201-228-150,1995-02-01,1994,regular,228,150,78,64,,,hist,Clemson,Duke,,
hist-19950206-52-228,1995-02-06,1994,regular,52,228,64,67,,,hist,Florida State,Clemson,,
hist-19950211-228-120,1995-02-11,1994,regular,228,120,74,56,,,hist,Clemson,Maryland,,
hist-19950215-153-228,1995-02-15,1994,regular,153,228,82,69,,,hist,North Carolina,Clemson,,
hist-19950219-152-153,1995-02-19,1994,regular,152,153,88,86,,2OT,hist,NC State,North Carolina,,
hist-19950223-228-152,1995-02-23,1994,regular,228,152,55,68,,,hist,Clemson,NC State,,
hist-19950226-154-152,1995-02-26,1994,regular,154,152,63,86,,,hist,Wake Forest,NC State,,
hist-19950303-152-59,1995-03-03,1994,regular,152,59,88,70,1,"ACC Tournament - Quarterfinal (Rock Hill, S.C.",hist,NC State,Georgia Tech,,
hist-19950304-152-153,1995-03-04,1994,regular,152,153,71,90,1,"ACC Tournament - Semifinal (Rock Hill, S.C.",hist,NC State,North Carolina,,
hist-19950305-153-150,1995-03-05,1994,regular,153,150,95,70,1,"ACC Tournament - Final (Rock Hill, S.C.",hist,North Carolina,Duke,,
hist-19950316-153-2710,1995-03-16,1994,postseason,153,2710,89,48,,NCAA Tournament - First Round,hist,North Carolina,Western Illinois,,
hist-19950318-153-2550,1995-03-18,1994,postseason,153,2550,59,45,,NCAA Tournament - Second Round,hist,North Carolina,Seton Hall,,
hist-19950323-153-24,1995-03-23,1994,postseason,153,24,71,81,1,NCAA Tournament - West Regional Semifinal (Los Angeles,hist,North Carolina,Stanford,,
hist-19950325-24-2509,1995-03-25,1994,postseason,24,2509,69,58,1,NCAA Tournament - West Regional Final (Los Angeles,hist,Stanford,Purdue,,
hist-19950401-24-41,1995-04-01,1994,postseason,24,41,60,87,1,NCAA Tournament - National Semifinal (Minneapolis,hist,Stanford,UConn,,
hist-19950402-41-2633,1995-04-02,1994,postseason,41,2633,70,64,1,NCAA Tournament - National Championship (Minneapolis,hist,UConn,Tennessee,,
hist-19951119-41-2348,1995-11-19,1995,regular,41,2348,81,83,1,"at Knoxville, TN; OT",hist,UConn,Louisiana Tech,,
hist-19951124-2348-278,1995-11-24,1995,regular,2348,278,77,59,1,"Rocky Mountain Hoops Classic (Coors Classic), Boulder - first round",hist,Louisiana Tech,Fresno State,,
hist-19951125-38-2348,1995-11-25,1995,regular,38,2348,61,65,,Rocky Mountain Hoops Classic (Coors Classic) - championship,hist,Colorado,Louisiana Tech,,
hist-19960104-2348-2320,1996-01-04,1995,regular,2348,2320,97,57,,Sun Belt,hist,Louisiana Tech,Lamar,,
hist-19960113-2320-2348,1996-01-13,1995,regular,2320,2348,52,79,,Sun Belt,hist,Lamar,Louisiana Tech,,
hist-19960115-292-2348,1996-01-15,1995,regular,292,2348,51,89,,Sun Belt,hist,UT Rio Grande Valley,Louisiana Tech,,
hist-19960122-2633-2348,1996-01-22,1995,regular,2633,2348,77,72,,,hist,Tennessee,Louisiana Tech,,
hist-19960128-2633-333,1996-01-28,1995,regular,2633,333,81,69,,SEC,hist,Tennessee,Alabama,,
hist-19960204-145-2633,1996-02-04,1995,regular,145,2633,78,72,,SEC,hist,Ole Miss,Tennessee,,
hist-19960207-145-61,1996-02-07,1995,regular,145,61,85,90,,SEC,hist,Ole Miss,Georgia,,
hist-19960211-61-2579,1996-02-11,1995,regular,61,2579,79,61,,SEC,hist,Georgia,South Carolina,,
hist-19960213-61-96,1996-02-13,1995,regular,61,96,75,55,,SEC,hist,Georgia,Kentucky,,
hist-19960216-238-61,1996-02-16,1995,regular,238,61,71,66,,SEC,hist,Vanderbilt,Georgia,,
hist-19960219-238-333,1996-02-19,1995,regular,238,333,73,59,,SEC,hist,Vanderbilt,Alabama,,
hist-19960223-238-245,1996-02-23,1995,regular,238,245,97,78,,,hist,Vanderbilt,Texas A&M,,
hist-19960225-238-2633,1996-02-25,1995,regular,238,2633,71,79,,SEC,hist,Vanderbilt,Tennessee,,
hist-19960302-2633-145,1996-03-02,1995,regular,2633,145,73,51,1,SEC Tournament - Quarterfinal (Chattanooga,hist,Tennessee,Ole Miss,,
hist-19960303-2633-57,1996-03-03,1995,regular,2633,57,74,63,1,SEC Tournament - Semifinal (Chattanooga,hist,Tennessee,Florida,,
hist-19960304-2633-333,1996-03-04,1995,regular,2633,333,64,60,1,SEC Tournament - Championship (Chattanooga,hist,Tennessee,Alabama,,
hist-19960316-2633-2515,1996-03-16,1995,postseason,2633,2515,97,56,,NCAA Tournament - First Round,hist,Tennessee,Radford,,
hist-19960318-2633-194,1996-03-18,1995,postseason,2633,194,97,65,,NCAA Tournament - Second Round,hist,Tennessee,Ohio State,,
hist-19960323-2633-2305,1996-03-23,1995,postseason,2633,2305,92,71,1,NCAA Tournament - Regional Semifinal (Charlottesville,hist,Tennessee,Kansas,,
hist-19960325-258-2633,1996-03-25,1995,postseason,258,2633,46,52,,NCAA Tournament - Regional Final (Charlottesville,hist,Virginia,Tennessee,,
hist-19960329-2633-41,1996-03-29,1995,postseason,2633,41,88,83,1,NCAA Tournament - National Semifinal (Charlotte; OT,hist,Tennessee,UConn,,
hist-19960331-2633-61,1996-03-31,1995,postseason,2633,61,83,65,1,NCAA Tournament - Championship (Charlotte,hist,Tennessee,Georgia,,
hist-19961115-2633-2046,1996-11-15,1996,regular,2633,2046,80,59,,,hist,Tennessee,Austin Peay,,
hist-19961117-2633-2305,1996-11-17,1996,regular,2633,2305,79,60,,,hist,Tennessee,Kansas,,
hist-19961119-2633-87,1996-11-19,1996,regular,2633,87,72,59,1,"Preseason WNIT - semifinal (Ruston, LA",hist,Tennessee,Notre Dame,,
hist-19961120-2348-2633,1996-11-20,1996,regular,2348,2633,66,64,,"Preseason WNIT - final (Ruston, LA",hist,Louisiana Tech,Tennessee,,
hist-19961124-264-2348,1996-11-24,1996,regular,264,2348,70,73,,,hist,Washington,Louisiana Tech,,
hist-19961214-305-2348,1996-12-14,1996,regular,305,2348,70,67,,,hist,DePaul,Louisiana Tech,,
hist-19961218-305-2,1996-12-18,1996,regular,305,2,60,63,,,hist,DePaul,Auburn,,
hist-19961220-2459-2,1996-12-20,1996,regular,2459,2,77,96,,,hist,Northern Illinois,Auburn,,
hist-19961227-2-2507,1996-12-27,1996,regular,2,2507,85,51,1,holiday tournament,hist,Auburn,Providence,,
hist-19961228-2-2466,1996-12-28,1996,regular,2,2466,80,57,1,holiday tournament,hist,Auburn,Northwestern State,,
hist-19961229-2-2244,1996-12-29,1996,regular,2,2244,55,58,1,holiday tournament (OT,hist,Auburn,George Mason,,
hist-19970105-2729-2244,1997-01-05,1996,regular,2729,2244,58,60,,CAA regular season,hist,William & Mary,George Mason,,
hist-19970110-256-2244,1997-01-10,1996,regular,256,2244,68,60,,CAA regular season,hist,James Madison,George Mason,,
hist-19970117-256-295,1997-01-17,1996,regular,256,295,53,78,,CAA regular season,hist,James Madison,Old Dominion,,
hist-19970121-295-350,1997-01-21,1996,regular,295,350,89,51,,CAA regular season,hist,Old Dominion,UNC Wilmington,,
hist-19970124-44-295,1997-01-24,1996,regular,44,295,59,104,,CAA regular season,hist,American University,Old Dominion,,
hist-19970126-295-2244,1997-01-26,1996,regular,295,2244,107,62,,CAA regular season,hist,Old Dominion,George Mason,,
hist-19970131-295-2670,1997-01-31,1996,regular,295,2670,93,35,,CAA regular season,hist,Old Dominion,VCU,,
hist-19970202-257-295,1997-02-02,1996,regular,257,295,65,88,,CAA regular season,hist,Richmond,Old Dominion,,
hist-19970207-295-256,1997-02-07,1996,regular,295,256,77,49,,CAA regular season,hist,Old Dominion,James Madison,,
hist-19970209-295-44,1997-02-09,1996,regular,295,44,94,57,,CAA regular season,hist,Old Dominion,American University,,
hist-19970211-350-295,1997-02-11,1996,regular,350,295,58,97,,CAA regular season,hist,UNC Wilmington,Old Dominion,,
hist-19970216-2729-295,1997-02-16,1996,regular,2729,295,36,96,,CAA regular season,hist,William & Mary,Old Dominion,,
hist-19970218-295-151,1997-02-18,1996,regular,295,151,88,43,,CAA regular season,hist,Old Dominion,East Carolina,,
hist-19970221-2670-295,1997-02-21,1996,regular,2670,295,47,94,,CAA regular season,hist,VCU,Old Dominion,,
hist-19970223-2244-295,1997-02-23,1996,regular,2244,295,46,102,,CAA regular season,hist,George Mason,Old Dominion,,
hist-19970227-295-2729,1997-02-27,1996,regular,295,2729,101,35,1,CAA Tournament - quarterfinal (Richmond,hist,Old Dominion,William & Mary,,
hist-19970228-295-256,1997-02-28,1996,regular,295,256,86,48,1,CAA Tournament - semifinal (Richmond,hist,Old Dominion,James Madison,,
hist-19970302-295-151,1997-03-02,1996,regular,295,151,83,46,1,CAA Tournament - final (Richmond,hist,Old Dominion,East Carolina,,
hist-19970314-295-2335,1997-03-14,1996,postseason,295,2335,102,52,,NCAA Tournament - First Round (Norfolk,hist,Old Dominion,Liberty,,
hist-19970316-295-2509,1997-03-16,1996,postseason,295,2509,69,65,,"NCAA Tournament - Second Round (Norfolk, OT",hist,Old Dominion,Purdue,,
hist-19970322-295-99,1997-03-22,1996,postseason,295,99,62,49,1,NCAA Tournament - Regional Semifinal (West Lafayette,hist,Old Dominion,LSU,,
hist-19970324-295-57,1997-03-24,1996,postseason,295,57,53,51,1,NCAA Tournament - Regional Final (West Lafayette,hist,Old Dominion,Florida,,
hist-19970328-295-24,1997-03-28,1996,postseason,295,24,83,82,1,"NCAA Tournament - National Semifinal (Cincinnati, OT",hist,Old Dominion,Stanford,,
hist-19970330-295-2633,1997-03-30,1996,postseason,295,2633,59,68,1,NCAA Tournament - Championship (Cincinnati,hist,Old Dominion,Tennessee,,
hist-19971118-2633-145,1997-11-18,1997,regular,2633,145,92,54,,,hist,Tennessee,Ole Miss,,
hist-19971121-2633-2348,1997-11-21,1997,regular,2633,2348,75,61,,,hist,Tennessee,Louisiana Tech,,
hist-19971123-2630-2633,1997-11-23,1997,regular,2630,2633,32,73,,,hist,UT Martin,Tennessee,,
hist-19971125-2633-261,1997-11-25,1997,regular,2633,261,92,52,,,hist,Tennessee,Vermont,,
hist-19971129-2633-24,1997-11-29,1997,regular,2633,24,88,70,1,Bravo Card Classic (San Jose Arena,hist,Tennessee,Stanford,,
hist-19971130-2501-2633,1997-11-30,1997,regular,2501,2633,51,74,,,hist,Portland,Tennessee,,
hist-19971203-2633-251,1997-12-03,1997,regular,2633,251,98,64,,,hist,Tennessee,Texas,,
hist-19971206-2633-2244,1997-12-06,1997,regular,2633,2244,93,61,1,"Big Apple Classic (Riverdale, NY",hist,Tennessee,George Mason,,
hist-19971207-2363-2633,1997-12-07,1997,regular,2363,2633,28,78,,"Big Apple Classic (Riverdale, NY",hist,Manhattan,Tennessee,,
hist-19971212-2633-356,1997-12-12,1997,regular,2633,356,78,68,,,hist,Tennessee,Illinois,,
hist-19971218-2633-2006,1997-12-18,1997,regular,2633,2006,98,63,1,"Northern Lights Invitational (Anchorage, AK",hist,Tennessee,Akron,,
hist-19971219-2633-245,1997-12-19,1997,regular,2633,245,105,81,1,"Northern Lights Invitational (Anchorage, AK",hist,Tennessee,Texas A&M,,
hist-19971220-2633-275,1997-12-20,1997,regular,2633,275,87,66,1,"Northern Lights Invitational (Anchorage, AK",hist,Tennessee,Wisconsin,,
hist-19980101-2633-8,1998-01-01,1997,regular,2633,8,88,58,,,hist,Tennessee,Arkansas,,
hist-19980103-2633-41,1998-01-03,1997,regular,2633,41,84,69,,,hist,Tennessee,UConn,,
hist-19980106-2579-2633,1998-01-06,1997,regular,2579,2633,52,94,,,hist,South Carolina,Tennessee,,
hist-19980110-2633-57,1998-01-10,1997,regular,2633,57,99,60,,,hist,Tennessee,Florida,,
hist-19980114-61-2633,1998-01-14,1997,regular,61,2633,71,96,,,hist,Georgia,Tennessee,,
hist-19980118-96-2633,1998-01-18,1997,regular,96,2633,65,93,,,hist,Kentucky,Tennessee,,
hist-19980120-305-2633,1998-01-20,1997,regular,305,2633,46,125,,,hist,DePaul,Tennessee,,
hist-19980125-2633-238,1998-01-25,1997,regular,2633,238,86,54,,,hist,Tennessee,Vanderbilt,,
hist-19980128-2633-61,1998-01-28,1997,regular,2633,61,102,43,,,hist,Tennessee,Georgia,,
hist-19980201-2633-333,1998-02-01,1997,regular,2633,333,73,66,,,hist,Tennessee,Alabama,,
hist-19980204-145-2633,1998-02-04,1997,regular,145,2633,45,91,,,hist,Ole Miss,Tennessee,,
hist-19980207-2633-295,1998-02-07,1997,regular,2633,295,85,61,,,hist,Tennessee,Old Dominion,,
hist-19980209-344-2633,1998-02-09,1997,regular,344,2633,52,74,,,hist,Mississippi State,Tennessee,,
hist-19980212-235-2633,1998-02-12,1997,regular,235,2633,65,91,,,hist,Memphis,Tennessee,,
hist-19980214-2633-2,1998-02-14,1997,regular,2633,2,79,63,,,hist,Tennessee,Auburn,,
hist-19980216-238-2633,1998-02-16,1997,regular,238,2633,60,91,,,hist,Vanderbilt,Tennessee,,
hist-19980222-2633-99,1998-02-22,1997,regular,2633,99,90,58,,,hist,Tennessee,LSU,,
hist-19980227-2633-344,1998-02-27,1997,regular,2633,344,88,60,1,SEC Tournament - Quarterfinal,hist,Tennessee,Mississippi State,,
hist-19980228-2633-238,1998-02-28,1997,regular,2633,238,106,45,1,SEC Tournament - Semifinal,hist,Tennessee,Vanderbilt,,
hist-19980301-2633-333,1998-03-01,1997,regular,2633,333,67,63,1,SEC Tournament - Final,hist,Tennessee,Alabama,,
hist-19980314-2633-2335,1998-03-14,1997,postseason,2633,2335,102,58,,NCAA Tournament - First Round,hist,Tennessee,Liberty,,
hist-19980316-2633-98,1998-03-16,1997,postseason,2633,98,82,62,,NCAA Tournament - Second Round,hist,Tennessee,Western Kentucky,,
hist-19980321-2633-164,1998-03-21,1997,postseason,2633,164,92,60,1,NCAA Tournament - Mideast Regional Semifinal (Nashville,hist,Tennessee,Rutgers,,
hist-19980323-2633-153,1998-03-23,1997,postseason,2633,153,76,70,1,NCAA Tournament - Mideast Regional Final (Nashville,hist,Tennessee,North Carolina,,
hist-19980327-2633-8,1998-03-27,1997,postseason,2633,8,86,58,1,NCAA Tournament - National Semifinal (Kansas City,hist,Tennessee,Arkansas,,
hist-19980329-2633-2348,1998-03-29,1997,postseason,2633,2348,93,75,1,NCAA Tournament - National Championship (Kansas City,hist,Tennessee,Louisiana Tech,,
hist-19981113-2633-2501,1998-11-13,1998,regular,2633,2501,94,57,,,hist,Tennessee,Portland,,
hist-19981115-2509-2633,1998-11-15,1998,regular,2509,2633,78,68,,State Farm Tip-Off Classic,hist,Purdue,Tennessee,,
hist-19981119-12-2509,1998-11-19,1998,regular,12,2509,58,65,,,hist,Arizona,Purdue,,
hist-19981122-24-2509,1998-11-22,1998,regular,24,2509,73,72,,,hist,Stanford,Purdue,,
hist-19981127-24-2641,1998-11-27,1998,regular,24,2641,69,75,,,hist,Stanford,Texas Tech,,
hist-19981202-2641-2636,1998-12-02,1998,regular,2641,2636,96,39,,,hist,Texas Tech,UTSA,,
hist-19981205-2641-275,1998-12-05,1998,regular,2641,275,84,70,1,Gene Hackerman Rice Invitational,hist,Texas Tech,Wisconsin,,
hist-19981206-242-2641,1998-12-06,1998,regular,242,2641,57,79,,Gene Hackerman Rice Invitational,hist,Rice,Texas Tech,,
hist-19981209-2641-2628,1998-12-09,1998,regular,2641,2628,82,62,,,hist,Texas Tech,TCU,,
hist-19981221-2641-256,1998-12-21,1998,regular,2641,256,71,38,1,Hawaii tournament (Honolulu,hist,Texas Tech,James Madison,,
hist-19981222-2641-2351,1998-12-22,1998,regular,2641,2351,82,59,1,Hawaii tournament (Honolulu,hist,Texas Tech,Loyola Marymount,,
hist-19981223-62-2641,1998-12-23,1998,regular,62,2641,63,67,,Hawaii tournament (Honolulu,hist,Hawai'i,Texas Tech,,
hist-19981229-2641-167,1998-12-29,1998,regular,2641,167,87,46,,,hist,Texas Tech,New Mexico,,
hist-19990102-239-2641,1999-01-02,1998,regular,239,2641,49,51,,,hist,Baylor,Texas Tech,,
hist-19990106-2641-201,1999-01-06,1998,regular,2641,201,93,69,,,hist,Texas Tech,Oklahoma,,
hist-19990109-2641-2306,1999-01-09,1998,regular,2641,2306,73,60,,,hist,Texas Tech,Kansas State,,
hist-19990113-245-2641,1999-01-13,1998,regular,245,2641,65,68,,,hist,Texas A&M,Texas Tech,,
hist-19990116-197-2641,1999-01-16,1998,regular,197,2641,68,79,,,hist,Oklahoma State,Texas Tech,,
hist-19990120-2641-66,1999-01-20,1998,regular,2641,66,71,47,,,hist,Texas Tech,Iowa State,,
hist-19990123-2305-2641,1999-01-23,1998,regular,2305,2641,55,45,,,hist,Kansas,Texas Tech,,
hist-19990127-251-2305,1999-01-27,1998,regular,251,2305,54,56,,,hist,Texas,Kansas,,
hist-19990131-2305-2306,1999-01-31,1998,regular,2305,2306,66,45,,,hist,Kansas,Kansas State,,
hist-19990203-2305-38,1999-02-03,1998,regular,2305,38,65,57,,,hist,Kansas,Colorado,,
hist-19990207-142-2305,1999-02-07,1998,regular,142,2305,37,48,,,hist,Missouri,Kansas,,
hist-19990213-2305-158,1999-02-13,1998,regular,2305,158,63,58,,,hist,Kansas,Nebraska,,
hist-19990216-2305-66,1999-02-16,1998,regular,2305,66,53,55,,,hist,Kansas,Iowa State,,
hist-19990220-66-2306,1999-02-20,1998,regular,66,2306,86,53,,,hist,Iowa State,Kansas State,,
hist-19990223-66-142,1999-02-23,1998,regular,66,142,84,58,,,hist,Iowa State,Missouri,,
hist-19990227-239-66,1999-02-27,1998,regular,239,66,70,68,,,hist,Baylor,Iowa State,,
hist-19990302-239-142,1999-03-02,1998,regular,239,142,55,60,1,Big 12 Tournament - First Round,hist,Baylor,Missouri,,
hist-19990303-142-66,1999-03-03,1998,regular,142,66,44,63,1,Big 12 Tournament - Quarterfinal,hist,Missouri,Iowa State,,
hist-19990304-66-2305,1999-03-04,1998,regular,66,2305,79,64,1,Big 12 Tournament - Semifinal,hist,Iowa State,Kansas,,
hist-19990306-66-2641,1999-03-06,1998,regular,66,2641,59,73,1,Big 12 Tournament - Final,hist,Iowa State,Texas Tech,,
hist-19990313-2641-2617,1999-03-13,1998,postseason,2641,2617,80,54,,NCAA Tournament - First Round,hist,Texas Tech,Stephen F. Austin,,
hist-19990315-2641-152,1999-03-15,1998,postseason,2641,152,85,78,,NCAA Tournament - Second Round,hist,Texas Tech,NC State,,
hist-19990320-2641-164,1999-03-20,1998,postseason,2641,164,42,53,1,NCAA Tournament - Regional Semifinal,hist,Texas Tech,Rutgers,,
hist-19990322-164-2509,1999-03-22,1998,postseason,164,2509,62,75,1,NCAA Tournament - Regional Final,hist,Rutgers,Purdue,,
hist-19990326-2509-2348,1999-03-26,1998,postseason,2509,2348,77,63,1,NCAA Tournament - Final Four (National Semifinal,hist,Purdue,Louisiana Tech,,
hist-19990328-2509-150,1999-03-28,1998,postseason,2509,150,62,45,1,NCAA Tournament - National Championship,hist,Purdue,Duke,,
hist-19991119-2168-2509,1999-11-19,1999,regular,2168,2509,58,60,,,hist,Dayton,Purdue,,
hist-19991121-2509-238,1999-11-21,1999,regular,2509,238,63,51,,,hist,Purdue,Vanderbilt,,
hist-19991123-2509-2674,1999-11-23,1999,regular,2509,2674,63,42,,,hist,Purdue,Valparaiso,,
hist-19991126-2509-57,1999-11-26,1999,regular,2509,57,90,50,,,hist,Purdue,Florida,,
hist-19991202-2633-2509,1999-12-02,1999,regular,2633,2509,72,66,,,hist,Tennessee,Purdue,,
hist-19991205-275-2633,1999-12-05,1999,regular,275,2633,62,85,,,hist,Wisconsin,Tennessee,,
hist-19991207-235-2633,1999-12-07,1999,regular,235,2633,69,92,,,hist,Memphis,Tennessee,,
hist-19991217-305-2633,1999-12-17,1999,regular,305,2633,66,100,,,hist,DePaul,Tennessee,,
hist-19991219-2603-2633,1999-12-19,1999,regular,2603,2633,59,82,,,hist,Saint Joseph's,Tennessee,,
hist-19991230-2633-251,1999-12-30,1999,regular,2633,251,106,76,,,hist,Tennessee,Texas,,
hist-20000103-2633-295,2000-01-03,1999,regular,2633,295,113,55,,,hist,Tennessee,Old Dominion,,
hist-20000106-99-2633,2000-01-06,1999,regular,99,2633,50,86,,,hist,LSU,Tennessee,,
hist-20000108-2633-41,2000-01-08,1999,regular,2633,41,67,74,,,hist,Tennessee,UConn,,
hist-20000112-41-277,2000-01-12,1999,regular,41,277,75,35,,,hist,UConn,West Virginia,,
hist-20000115-41-221,2000-01-15,1999,regular,41,221,88,36,,,hist,UConn,Pittsburgh,,
hist-20000117-41-164,2000-01-17,1999,regular,41,164,65,50,,,hist,UConn,Rutgers,,
hist-20000120-107-41,2000-01-20,1999,regular,107,41,51,89,,,hist,Holy Cross,UConn,,
hist-20000122-222-41,2000-01-22,1999,regular,222,41,46,79,,,hist,Villanova,UConn,,
hist-20000126-41-103,2000-01-26,1999,regular,41,103,84,77,,,hist,UConn,Boston College,,
hist-20000129-2390-41,2000-01-29,1999,regular,2390,41,36,84,,,hist,Miami,UConn,,
hist-20000202-41-2633,2000-02-02,1999,regular,41,2633,71,72,,,hist,UConn,Tennessee,,
hist-20000204-2633-238,2000-02-04,1999,regular,2633,238,78,52,,,hist,Tennessee,Vanderbilt,,
hist-20000206-2633-333,2000-02-06,1999,regular,2633,333,65,47,,,hist,Tennessee,Alabama,,
hist-20000210-145-2633,2000-02-10,1999,regular,145,2633,49,70,,,hist,Ole Miss,Tennessee,,
hist-20000213-2633-57,2000-02-13,1999,regular,2633,57,97,78,,,hist,Tennessee,Florida,,
hist-20000217-344-2633,2000-02-17,1999,regular,344,2633,75,79,,,hist,Mississippi State,Tennessee,,
hist-20000220-2633-99,2000-02-20,1999,regular,2633,99,80,48,,,hist,Tennessee,LSU,,
hist-20000224-238-2633,2000-02-24,1999,regular,238,2633,57,59,,,hist,Vanderbilt,Tennessee,,
hist-20000227-2633-2,2000-02-27,1999,regular,2633,2,76,61,,,hist,Tennessee,Auburn,,
hist-20000303-2633-57,2000-03-03,1999,regular,2633,57,91,79,1,SEC Tournament - Quarterfinal,hist,Tennessee,Florida,,
hist-20000304-2633-238,2000-03-04,1999,regular,2633,238,61,53,1,SEC Tournament - Semifinal,hist,Tennessee,Vanderbilt,,
hist-20000305-2633-344,2000-03-05,1999,regular,2633,344,70,67,1,SEC Tournament - Final,hist,Tennessee,Mississippi State,,
hist-20000318-2633-231,2000-03-18,1999,postseason,2633,231,90,38,,NCAA Tournament - First Round,hist,Tennessee,Furman,,
hist-20000320-2633-12,2000-03-20,1999,postseason,2633,12,75,60,,NCAA Tournament - Second Round,hist,Tennessee,Arizona,,
hist-20000325-2633-258,2000-03-25,1999,postseason,2633,258,77,56,1,NCAA Tournament - Regional Semifinal,hist,Tennessee,Virginia,,
hist-20000327-2633-2641,2000-03-27,1999,postseason,2633,2641,57,44,1,NCAA Tournament - Regional Final,hist,Tennessee,Texas Tech,,
hist-20000331-2633-164,2000-03-31,1999,postseason,2633,164,64,54,1,NCAA Tournament - National Semifinal,hist,Tennessee,Rutgers,,
hist-20000402-2633-41,2000-04-02,1999,postseason,2633,41,52,71,1,NCAA Tournament - National Championship,hist,Tennessee,UConn,,
hist-20001112-41-61,2000-11-12,2000,regular,41,61,99,70,,State Farm Tip-Off Classic,hist,UConn,Georgia,,
hist-20001121-2492-41,2000-11-21,2000,regular,2492,41,63,98,,,hist,Pepperdine,UConn,,
hist-20001124-264-41,2000-11-24,2000,regular,264,41,54,100,,,hist,Washington,UConn,,
hist-20001129-41-45,2000-11-29,2000,regular,41,45,90,63,,,hist,UConn,George Washington,,
hist-20001205-2390-41,2000-12-05,2000,regular,2390,41,53,77,,,hist,Miami,UConn,,
hist-20001207-41-107,2000-12-07,2000,regular,41,107,92,32,,,hist,UConn,Holy Cross,,
hist-20001210-356-41,2000-12-10,2000,regular,356,41,55,97,,,hist,Illinois,UConn,,
hist-20001222-41-154,2000-12-22,2000,regular,41,154,107,52,,,hist,UConn,Wake Forest,,
hist-20001230-41-2633,2000-12-30,2000,regular,41,2633,81,76,,,hist,UConn,Tennessee,,
hist-20010102-41-46,2001-01-02,2000,regular,41,46,107,45,,,hist,UConn,Georgetown,,
hist-20010107-2348-41,2001-01-07,2000,regular,2348,41,55,71,,,hist,Louisiana Tech,UConn,,
hist-20010109-183-41,2001-01-09,2000,regular,183,41,63,76,,,hist,Syracuse,UConn,,
hist-20010113-41-2507,2001-01-13,2000,regular,41,2507,104,49,,,hist,UConn,Providence,,
hist-20010115-87-41,2001-01-15,2000,regular,87,41,92,76,,,hist,Notre Dame,UConn,,
hist-20010121-2550-87,2001-01-21,2000,regular,2550,87,47,72,,,hist,Seton Hall,Notre Dame,,
hist-20010124-277-87,2001-01-24,2000,regular,277,87,64,87,,,hist,West Virginia,Notre Dame,,
hist-20010131-87-2507,2001-01-31,2000,regular,87,2507,64,44,,,hist,Notre Dame,Providence,,
hist-20010203-103-87,2001-02-03,2000,regular,103,87,65,81,,,hist,Boston College,Notre Dame,,
hist-20010207-87-221,2001-02-07,2000,regular,87,221,72,58,,,hist,Notre Dame,Pittsburgh,,
hist-20010214-183-87,2001-02-14,2000,regular,183,87,61,75,,,hist,Syracuse,Notre Dame,,
hist-20010217-164-87,2001-02-17,2000,regular,164,87,54,53,,,hist,Rutgers,Notre Dame,,
hist-20010220-164-2550,2001-02-20,2000,regular,164,2550,61,45,,,hist,Rutgers,Seton Hall,,
hist-20010224-277-164,2001-02-24,2000,regular,277,164,53,67,,,hist,West Virginia,Rutgers,,
hist-20010227-46-164,2001-02-27,2000,regular,46,164,48,65,,,hist,Georgetown,Rutgers,,
hist-20010304-164-2507,2001-03-04,2000,regular,164,2507,69,58,1,Big East Tournament - Quarterfinal,hist,Rutgers,Providence,,
hist-20010305-41-164,2001-03-05,2000,regular,41,164,94,66,,Big East Tournament - Semifinal,hist,UConn,Rutgers,,
hist-20010306-41-87,2001-03-06,2000,regular,41,87,78,76,,Big East Tournament - Final,hist,UConn,Notre Dame,,
hist-20010317-41-112358,2001-03-17,2000,postseason,41,112358,101,29,,NCAA Tournament - First Round,hist,UConn,Long Island University,,
hist-20010319-41-36,2001-03-19,2000,postseason,41,36,89,44,,NCAA Tournament - Second Round,hist,UConn,Colorado State,,
hist-20010324-41-152,2001-03-24,2000,postseason,41,152,72,58,1,NCAA Tournament - Regional Semifinal,hist,UConn,NC State,,
hist-20010326-41-2348,2001-03-26,2000,postseason,41,2348,67,48,1,NCAA Tournament - Regional Final,hist,UConn,Louisiana Tech,,
hist-20010330-41-87,2001-03-30,2000,postseason,41,87,75,90,1,NCAA Tournament - National Semifinal,hist,UConn,Notre Dame,,
hist-20010401-87-2509,2001-04-01,2000,postseason,87,2509,68,66,1,NCAA Tournament - National Championship,hist,Notre Dame,Purdue,,
hist-20011118-87-2674,2001-11-18,2001,regular,87,2674,42,35,,,hist,Notre Dame,Valparaiso,,
hist-20011121-36-87,2001-11-21,2001,regular,36,87,72,66,,,hist,Colorado State,Notre Dame,,
hist-20011123-36-277,2001-11-23,2001,regular,36,277,85,74,,Coors Classic,hist,Colorado State,West Virginia,,
hist-20011124-36-339,2001-11-24,2001,regular,36,339,82,53,,Coors Classic,hist,Colorado State,Evansville,,
hist-20011128-36-38,2001-11-28,2001,regular,36,38,81,69,,,hist,Colorado State,Colorado,,
hist-20011203-36-2440,2001-12-03,2001,regular,36,2440,84,57,,,hist,Colorado State,Nevada,,
hist-20011209-2229-36,2001-12-09,2001,regular,2229,36,75,72,,Orange Bowl Classic,hist,Florida International,Colorado State,,
hist-20011218-2226-2229,2001-12-18,2001,regular,2226,2229,64,91,,,hist,Florida Atlantic,Florida International,,
hist-20011220-258-2229,2001-12-20,2001,regular,258,2229,78,65,,,hist,Virginia,Florida International,,
hist-20011228-258-112358,2001-12-28,2001,regular,258,112358,73,40,1,DoubleTree Classic (New Orleans,hist,Virginia,Long Island University,,
hist-20011229-2655-258,2001-12-29,2001,regular,2655,258,74,63,,DoubleTree Classic (New Orleans) - final,hist,Tulane,Virginia,,
hist-20020102-104-2655,2002-01-02,2001,regular,104,2655,63,78,,,hist,Boston University,Tulane,,
hist-20020105-2655-2572,2002-01-05,2001,regular,2655,2572,69,68,,,hist,Tulane,Southern Miss,,
hist-20020107-2443-2655,2002-01-07,2001,regular,2443,2655,76,69,,,hist,New Orleans,Tulane,,
hist-20020112-2031-2443,2002-01-12,2001,regular,2031,2443,54,55,,,hist,Little Rock,New Orleans,,
hist-20020117-2443-6,2002-01-17,2001,regular,2443,6,62,58,,,hist,New Orleans,South Alabama,,
hist-20020120-2443-2032,2002-01-20,2001,regular,2443,2032,70,69,,,hist,New Orleans,Arkansas State,,
hist-20020126-2443-2229,2002-01-26,2001,regular,2443,2229,63,79,,,hist,New Orleans,Florida International,,
hist-20020130-2229-98,2002-01-30,2001,regular,2229,98,72,58,,,hist,Florida International,Western Kentucky,,
hist-20020202-2229-2393,2002-02-02,2001,regular,2229,2393,71,55,,,hist,Florida International,Middle Tennessee,,
hist-20020206-2229-166,2002-02-06,2001,regular,2229,166,76,52,,,hist,Florida International,New Mexico State,,
hist-20020209-309-2229,2002-02-09,2001,regular,309,2229,50,85,,,hist,Louisiana,Florida International,,
hist-20020216-2390-2229,2002-02-16,2001,regular,2390,2229,65,71,,,hist,Miami,Florida International,,
hist-20020220-2229-2032,2002-02-20,2001,regular,2229,2032,73,61,,,hist,Florida International,Arkansas State,,
hist-20020223-2031-2229,2002-02-23,2001,regular,2031,2229,55,70,,,hist,Little Rock,Florida International,,
hist-20020302-2229-166,2002-03-02,2001,regular,2229,166,88,57,1,Sun Belt Conference Tournament,hist,Florida International,New Mexico State,,
hist-20020304-2229-2172,2002-03-04,2001,regular,2229,2172,80,65,1,Sun Belt Conference Tournament,hist,Florida International,Denver,,
hist-20020305-2229-249,2002-03-05,2001,regular,2229,249,66,49,1,Sun Belt Conference Tournament - final,hist,Florida International,North Texas,,
hist-20020315-2229-156,2002-03-15,2001,postseason,2229,156,73,58,1,NCAA Tournament - First Round,hist,Florida International,Creighton,,
hist-20020317-213-2229,2002-03-17,2001,postseason,213,2229,96,79,,NCAA Tournament - Second Round,hist,Penn State,Florida International,,
hist-20020323-213-41,2002-03-23,2001,postseason,213,41,64,82,1,NCAA Tournament - Regional Semifinal,hist,Penn State,UConn,,
hist-20020325-41-295,2002-03-25,2001,postseason,41,295,85,64,1,NCAA Tournament - Regional Final,hist,UConn,Old Dominion,,
hist-20020329-41-2633,2002-03-29,2001,postseason,41,2633,79,56,1,NCAA Tournament - National Semifinal,hist,UConn,Tennessee,,
hist-20020331-41-201,2002-03-31,2001,postseason,41,201,82,70,1,NCAA Tournament - National Championship,hist,UConn,Oklahoma,,
